{
  "$schema": "./node_modules/@angular/cli/lib/config/schema.json",
  "project": {
    "name": "ui-starter"
  },
  "apps": [
    {
      "root": "src",
      "outDir": "dist",
      "assets": [
        "assets",
        "favicon.ico"
      ],
      "index": "index.html",
      "main": "main.ts",
      "polyfills": "polyfills.ts",
      "test": "test.ts",
      "tsconfig": "tsconfig.app.json",
      "testTsconfig": "tsconfig.spec.json",
      "prefix": "app",
      "styles": [
        "../node_modules/quill/dist/quill.core.css",
        "../node_modules/quill/dist/quill.bubble.css",
        "../node_modules/quill/dist/quill.snow.css",
        "../node_modules/font-awesome/css/font-awesome.css",
        "../node_modules/material-design-icon-fonts/iconfont/material-icons.css",
        "../node_modules/weathericons/css/weather-icons.css",
        "../node_modules/weathericons/css/weather-icons-wind.css",
        "../node_modules/@swimlane/ngx-datatable/release/assets/icons.css",
        "../node_modules/@swimlane/ngx-datatable/release/datatable.css",
        "../node_modules/@swimlane/ngx-datatable/release/material.css",
        "../node_modules/fullcalendar/dist/fullcalendar.css",
        "../node_modules/github-markdown-css/github-markdown.css",
        "styles.scss"
      ],
      "scripts": [
        "../node_modules/clappr/dist/clappr.min.js",
        "../node_modules/jquery/dist/jquery.min.js",
        "../node_modules/chart.js/dist/Chart.min.js",
        "../node_modules/peity/jquery.peity.min.js",
        "../node_modules/jqvmap/dist/jquery.vmap.min.js",
        "../node_modules/hammerjs/hammer.min.js",
        "../node_modules/moment/min/moment.min.js",
        "../node_modules/fullcalendar/dist/fullcalendar.min.js",
        "../node_modules/jquery-fullscreen-plugin/jquery.fullscreen-min.js"
      ],
      "environmentSource": "environments/environment.ts",
      "environments": {
        "source": "environments/environment.ts",
        "dev": "environments/environment.ts",
        "prod": "environments/environment.prod.ts",
        "cordova": "environments/environment.cordova.ts",
        "electron": "environments/environment.electron.ts"
      }
    }
  ],
  "e2e": {
    "protractor": {
      "config": "./protractor.conf.js"
    }
  },
  "lint": [
    {
      "project": "src/tsconfig.app.json"
    },
    {
      "project": "src/tsconfig.spec.json"
    },
    {
      "project": "e2e/tsconfig.e2e.json"
    }
  ],
  "test": {
    "karma": {
      "config": "./karma.conf.js"
    }
  },
  "defaults": {
    "styleExt": "css",
    "component": {}
  }
}
